Tarih,Enlem,Boylam,Derinlik,Buyukluk,Yer
2024-12-25 16:28:40,36.0217,27.5993,10.2,2.3,AKDENIZ �lksel
2024-12-25 15:13:10,41.4767,34.4033,8.2,2.3,HACIALI-TASKOPRU (KASTAMONU) �lksel
2024-12-25 15:00:35,37.1852,28.8078,4.9,1.8,KARACAOREN-(MUGLA) �lksel
2024-12-25 14:58:56,37.154,28.799,24.5,1.7,KARACAOREN-(MUGLA) �lksel
2024-12-25 14:57:07,37.9668,27.1882,5.4,2.4,KUSADASI KORFEZI (EGE DENIZI) �lksel
2024-12-25 14:55:09,37.7657,36.233,7.1,2.0,HALILBEYLI-SAIMBEYLI (ADANA) �lksel
2024-12-25 14:31:54,36.1585,35.4325,6.7,1.6,ISKENDERUN KORFEZI (AKDENIZ) �lksel
2024-12-25 14:29:43,37.1263,28.8228,11.1,1.9,KARACAOREN-(MUGLA) �lksel
2024-12-25 14:27:48,37.1412,28.8303,14.4,1.8,KARACAOREN-(MUGLA) �lksel
2024-12-25 13:52:38,37.1967,28.8187,9.7,2.3,KARACAOREN-(MUGLA) �lksel
2024-12-25 13:36:51,37.1397,28.8473,13.5,2.1,BEYAGAC (DENIZLI) �lksel
2024-12-25 13:17:19,39.3277,29.2952,0.0,1.5,BAHATLAR-EMET (KUTAHYA) �lksel
2024-12-25 12:57:43,37.0685,28.8412,13.4,1.7,OTMANLAR-KOYCEGIZ (MUGLA) �lksel
2024-12-25 12:13:22,38.595,39.1197,19.4,1.0,YUKARIDEMIRTAS-(ELAZIG) �lksel
2024-12-25 11:54:13,36.8477,36.615,9.0,1.7,CINARBASI-HASSA (HATAY) �lksel
2024-12-25 11:43:47,38.1988,38.484,5.3,1.6,GULUMUSAGI-(MALATYA) �lksel
2024-12-25 11:17:09,37.1575,28.7893,11.7,2.4,KARACAOREN-(MUGLA) �lksel
2024-12-25 10:44:00,37.938,36.318,5.0,2.6,HACIKODAL-GOKSUN (KAHRAMANMARAS) �lksel
2024-12-25 09:53:45,37.1648,28.8653,13.5,2.0,BEYAGAC (DENIZLI) �lksel
2024-12-25 09:23:17,38.2918,38.8343,5.0,2.9,BOLUKKAYA-PUTURGE (MALATYA) �lksel
2024-12-25 09:07:22,38.581,39.46,8.8,1.8,KOCKALE-(ELAZIG) �lksel
2024-12-25 09:06:54,40.7787,27.7758,11.1,2.5,MARMARA DENIZI �lksel
2024-12-25 08:41:49,38.1768,38.4825,4.2,1.5,ULUKOY-(MALATYA) �lksel
2024-12-25 08:27:04,36.6597,36.36,5.5,2.3,KALEDIBI-ISKENDERUN (HATAY) �lksel
2024-12-25 08:08:23,37.144,28.8042,11.3,1.8,KARACAOREN-(MUGLA) �lksel
2024-12-25 07:45:55,38.2538,38.4485,5.0,2.4,BEYDAGI-(MALATYA) �lksel
2024-12-25 07:42:53,38.2492,38.4555,2.5,1.9,BEYDAGI-(MALATYA) �lksel
2024-12-25 07:25:52,37.1663,36.8087,5.0,2.6,KOMURLER-NURDAGI (GAZIANTEP) �lksel
2024-12-25 07:25:06,37.1695,36.7293,3.8,2.7,NURDAGI (GAZIANTEP) �lksel
2024-12-25 06:55:53,37.2233,36.7748,5.4,1.8,BELPINAR-NURDAGI (GAZIANTEP) �lksel
2024-12-25 06:39:13,39.36,26.1313,7.5,1.7,MIDILLI ADASI (EGE DENIZI) �lksel
2024-12-25 06:23:24,37.8753,29.2948,5.0,1.9,KARAPINAR-CAL (DENIZLI) �lksel
2024-12-25 05:57:26,40.2013,28.999,5.1,1.7,NILUFER (BURSA) �lksel
2024-12-25 05:39:05,37.8453,29.3128,12.5,1.9,KOCABAS-HONAZ (DENIZLI) �lksel
2024-12-25 05:07:50,39.408,38.4945,5.0,2.1,COPLER-ILIC (ERZINCAN) �lksel
2024-12-25 05:03:53,37.1668,37.0153,5.8,1.5,ATALAR-SEHITKAMIL (GAZIANTEP) �lksel
2024-12-25 04:59:16,37.8797,29.2783,6.2,1.9,GURLEYIK-HONAZ (DENIZLI) �lksel
2024-12-25 04:29:39,37.2385,28.8062,5.2,1.5,KARACAOREN-(MUGLA) �lksel
2024-12-25 04:11:07,38.0348,30.0732,6.0,2.3,AKTOPRAK-DINAR (AFYONKARAHISAR) �lksel
2024-12-25 04:09:12,35.2205,25.335,6.4,2.4,GIRIT ADASI (AKDENIZ) �lksel
2024-12-25 04:06:13,37.8868,29.2682,5.9,3.0,IRLIGANLI-(DENIZLI) �lksel
2024-12-25 03:53:43,40.844,28.021,7.3,1.1,MARMARA DENIZI �lksel
2024-12-25 03:36:46,37.2077,36.9617,15.7,1.0,SATIRHUYUK-NURDAGI (GAZIANTEP) �lksel
2024-12-25 03:34:39,37.9492,28.8843,13.6,1.5,KARATAS-SARAYKOY (DENIZLI) �lksel
2024-12-25 03:20:32,37.1808,28.8215,9.3,1.6,KARACAOREN-(MUGLA) �lksel
2024-12-25 03:07:54,37.8777,29.2722,7.4,3.1,GURLEYIK-HONAZ (DENIZLI) �lksel
2024-12-25 02:49:38,38.2327,38.4723,4.6,3.3,GULUMUSAGI-(MALATYA) �lksel
2024-12-25 02:49:13,36.944,28.2353,5.4,1.2,KARACA-MARMARIS (MUGLA) �lksel
2024-12-25 02:11:40,40.45,29.2077,7.7,2.3,CIHATLI-GEMLIK (BURSA) �lksel
2024-12-25 02:00:41,40.3827,24.0703,5.1,2.4,YUNANISTAN �lksel
2024-12-25 01:59:50,40.3867,33.4182,4.6,1.8,HANCILI-KALECIK (ANKARA) �lksel
2024-12-25 01:57:22,40.387,33.4188,5.0,3.2,HANCILI-KALECIK (ANKARA) �lksel
2024-12-25 01:10:07,38.1658,38.5978,5.0,2.1,TEKEDERESI-PUTURGE (MALATYA) �lksel
2024-12-25 01:04:24,37.9787,27.1402,5.3,1.7,KUSADASI KORFEZI (EGE DENIZI) �lksel
2024-12-25 00:52:25,34.7795,31.9975,9.8,2.3,AKDENIZ �lksel
2024-12-25 00:18:53,37.4195,37.0005,6.8,1.4,SIVRICEHUYUK-(KAHRAMANMARAS) �lksel
2024-12-25 00:15:38,37.16,28.8063,8.0,2.2,KARACAOREN-(MUGLA) �lksel
2024-12-25 00:01:00,37.1518,28.8395,11.1,1.8,KARACAOREN-(MUGLA) �lksel
2024-12-24 23:57:26,37.1318,28.8277,7.7,2.3,KARACAOREN-(MUGLA) �lksel
2024-12-24 23:15:37,38.3077,38.8153,4.2,2.0,BOLUKKAYA-PUTURGE (MALATYA) �lksel
2024-12-24 22:28:33,37.4825,37.1548,4.5,2.1,DOGANLIKARAHASAN-PAZARCIK (KAHRAMANMARAS) �lksel
2024-12-24 22:20:11,38.0975,37.139,8.0,1.6,ORTAOREN-EKINOZU (KAHRAMANMARAS) �lksel
2024-12-24 22:18:58,38.0717,37.4225,10.4,1.8,AGCASAR-NURHAK (KAHRAMANMARAS) �lksel
2024-12-24 22:13:10,38.0782,37.4778,2.3,1.7,SUNNETKOY-ELBISTAN (KAHRAMANMARAS) �lksel
2024-12-24 22:10:34,38.2167,31.0308,4.8,1.9,CALTI-GELENDOST (ISPARTA) �lksel
2024-12-24 22:08:48,37.1468,28.8242,8.5,2.8,KARACAOREN-(MUGLA) �lksel
2024-12-24 21:56:32,37.152,28.8287,15.0,1.8,KARACAOREN-(MUGLA) �lksel
2024-12-24 21:50:49,37.1353,28.8142,9.0,2.1,KARACAOREN-(MUGLA) �lksel
2024-12-24 21:32:48,37.9457,38.0707,5.4,1.8,UZUNKOY-(ADIYAMAN) �lksel
2024-12-24 21:32:21,37.1967,28.7958,7.5,2.0,KARACAOREN-(MUGLA) �lksel
2024-12-24 21:26:56,37.1508,28.8295,7.7,3.4,KARACAOREN-(MUGLA) �lksel
2024-12-24 21:22:30,34.8722,32.1322,21.0,4.1,AKDENIZ �lksel
2024-12-24 21:19:41,34.51,28.6497,6.2,3.7,AKDENIZ �lksel
2024-12-24 21:16:35,34.7835,32.0237,11.4,2.5,AKDENIZ �lksel
2024-12-24 21:06:47,38.0732,37.1387,22.5,1.3,KANDILKOY-EKINOZU (KAHRAMANMARAS) �lksel
2024-12-24 21:04:34,38.1287,37.1595,7.7,2.2,GUPLUCE-ELBISTAN (KAHRAMANMARAS) �lksel
2024-12-24 20:58:40,38.5038,39.513,8.6,1.7,PLAJKOY-MADEN (ELAZIG) �lksel
2024-12-24 20:57:50,37.1855,28.8002,17.0,1.9,KARACAOREN-(MUGLA) �lksel
2024-12-24 20:53:47,37.1485,28.8237,9.9,1.9,KARACAOREN-(MUGLA) �lksel
2024-12-24 20:46:34,37.3257,28.7957,5.0,1.5,ALANYURT-KALE (DENIZLI) �lksel
2024-12-24 20:05:50,37.13,28.8107,5.4,2.0,KARACAOREN-(MUGLA) �lksel
2024-12-24 20:04:41,38.0107,37.561,20.9,1.6,TATLAR-NURHAK (KAHRAMANMARAS) �lksel
2024-12-24 19:00:20,37.136,28.8163,7.9,3.6,KARACAOREN-(MUGLA) �lksel
2024-12-24 18:51:24,37.1495,28.8282,11.4,3.1,KARACAOREN-(MUGLA) �lksel
2024-12-24 18:41:40,37.137,28.8268,6.2,3.3,KARACAOREN-(MUGLA) �lksel
2024-12-24 18:33:03,37.1463,28.8107,6.0,2.4,KARACAOREN-(MUGLA) �lksel
2024-12-24 18:31:02,37.1197,28.7998,9.4,2.2,YAYLA-KOYCEGIZ (MUGLA) �lksel
2024-12-24 17:57:18,39.3953,40.2745,5.7,2.1,SAMPASAKARADERBENDI-PULUMUR (TUNCELI) �lksel
2024-12-24 17:47:40,40.2012,31.7162,7.3,2.1,SEKLI-BEYPAZARI (ANKARA) �lksel
2024-12-24 16:39:57,35.8037,43.4887,1.9,4.0,IRAK �lksel
2024-12-24 16:20:35,37.2015,36.9585,5.7,1.9,SATIRHUYUK-NURDAGI (GAZIANTEP) �lksel
2024-12-24 16:17:59,37.1725,36.965,10.5,1.9,SAKCAGOZE-NURDAGI (GAZIANTEP) �lksel
2024-12-24 15:28:56,37.1547,28.8347,10.1,2.1,KARACAOREN-(MUGLA) �lksel
2024-12-24 15:28:07,39.9363,39.2873,7.5,2.1,CEMALLI-KELKIT (GUMUSHANE) �lksel
2024-12-24 14:50:20,39.0795,40.3065,19.2,1.8,GUNGOREN-(BINGOL) �lksel
2024-12-24 14:46:41,39.08,40.3055,16.2,1.9,GUNGOREN-(BINGOL) �lksel
2024-12-24 13:26:17,35.2363,33.3645,0.0,1.6,KIBRIS-LEFKOSA �lksel
2024-12-24 13:11:55,39.0292,27.2837,9.1,1.4,CIFTLIKKOY-KINIK (IZMIR) �lksel
2024-12-24 12:26:38,39.653,28.129,8.4,1.9,SEREMETLER-KEPSUT (BALIKESIR) �lksel
2024-12-24 11:39:53,40.3822,33.4137,7.1,2.0,HANCILI-KALECIK (ANKARA) �lksel
2024-12-24 09:46:23,36.1157,28.1068,11.6,2.4,RODOS ADASI (AKDENIZ) �lksel
2024-12-24 09:32:41,37.8778,27.176,11.7,1.7,KUSADASI KORFEZI (EGE DENIZI) �lksel
2024-12-24 08:56:52,40.885,31.6727,11.9,1.4,MESCICELE-(BOLU) �lksel
2024-12-24 08:25:32,41.0812,25.6325,11.8,2.0,YUNANISTAN �lksel
2024-12-24 08:15:55,39.07,27.3007,12.2,2.1,KARATEKELI-KINIK (IZMIR) �lksel
2024-12-24 07:43:31,40.2212,23.1058,5.0,2.9,YUNANISTAN �lksel
2024-12-24 07:39:05,40.1243,23.245,10.2,3.8,YUNANISTAN �lksel
2024-12-24 07:32:49,38.1243,38.4655,3.7,2.1,AKSU-SINCIK (ADIYAMAN) �lksel
2024-12-24 07:30:01,37.2105,36.8007,7.5,1.4,MESTHUYUK-NURDAGI (GAZIANTEP) �lksel
2024-12-24 07:25:51,37.7813,35.6922,8.4,0.9,ORTAKOY-FEKE (ADANA) �lksel
2024-12-24 07:20:11,36.1328,36.0318,4.7,2.3,UZUNBAG-SAMANDAG (HATAY) �lksel
2024-12-24 06:36:47,38.8922,40.138,17.1,1.7,ALTINOLUK-KARAKOCAN (ELAZIG) �lksel
2024-12-24 06:27:04,38.1825,37.4872,5.3,1.5,GUCUK-ELBISTAN (KAHRAMANMARAS) �lksel
2024-12-24 06:26:28,39.3448,26.1348,13.0,1.9,MIDILLI ADASI (EGE DENIZI) �lksel
2024-12-24 05:56:22,37.881,29.2497,4.4,1.1,IRLIGANLI-(DENIZLI) �lksel
2024-12-24 05:22:40,39.0662,42.4068,9.9,1.3,GUMUSPINAR-BULANIK (MUS) �lksel
2024-12-24 05:19:32,35.4673,27.3003,6.7,2.7,AKDENIZ �lksel
2024-12-24 04:42:19,37.3695,36.7485,10.6,1.2,KUCUKIMALI-TURKOGLU (KAHRAMANMARAS) �lksel
2024-12-24 04:20:26,36.2408,28.2062,5.0,2.1,AKDENIZ �lksel
2024-12-24 04:01:01,37.3378,35.4928,6.7,1.3,TOPALLI-ALADAG (ADANA) �lksel
2024-12-24 03:55:36,37.4978,37.2208,5.3,2.2,SOGUTLU-PAZARCIK (KAHRAMANMARAS) �lksel
2024-12-24 03:53:30,39.0965,43.8135,5.0,1.7,GONDERME-MURADIYE (VAN) �lksel
2024-12-24 03:51:51,37.619,36.0257,12.5,2.1,BOZTAHTA-KOZAN (ADANA) �lksel
2024-12-24 03:20:01,36.5093,36.1693,5.0,1.3,MUFTULER-BELEN (HATAY) �lksel
2024-12-24 02:46:31,39.5047,32.7458,5.0,1.8,CULUK-HAYMANA (ANKARA) �lksel
2024-12-24 02:39:35,38.0675,36.718,5.1,1.5,FINDIK-GOKSUN (KAHRAMANMARAS) �lksel
2024-12-24 02:33:29,42.2755,24.0195,5.0,2.8,BULGARISTAN �lksel
2024-12-24 02:29:16,37.5588,35.8547,6.3,1.1,DAGLICA-KOZAN (ADANA) �lksel
2024-12-24 01:34:55,39.4167,28.1337,7.5,1.7,ISIKLAR-BIGADIC (BALIKESIR) �lksel
2024-12-24 00:59:00,35.6983,25.805,5.5,2.3,AKDENIZ �lksel
2024-12-24 00:49:32,37.1833,28.8015,3.8,1.7,KARACAOREN-(MUGLA) �lksel
2024-12-24 00:01:26,37.6493,35.829,6.4,1.7,CAMDERE-KOZAN (ADANA) �lksel
2024-12-23 23:47:20,39.6232,35.3965,3.9,1.5,BEBEKKOY-SARIKAYA (YOZGAT) �lksel
2024-12-23 23:39:41,37.1395,28.8403,9.8,2.3,KARACAOREN-(MUGLA) �lksel
2024-12-23 22:43:08,38.4533,39.2715,5.0,2.0,SIVRICE (ELAZIG) �lksel
2024-12-23 22:29:54,37.6973,38.7132,6.3,1.7,YESILKAYA-KAHTA (ADIYAMAN) �lksel
2024-12-23 21:53:42,37.1435,28.8318,14.6,1.7,KARACAOREN-(MUGLA) �lksel
2024-12-23 21:39:18,38.287,37.8127,5.0,3.2,ORTAKOY-AKCADAG (MALATYA) �lksel
2024-12-23 20:52:23,38.4983,37.5343,5.0,1.3,KARSIYAKA-DARENDE (MALATYA) �lksel
2024-12-23 19:06:06,38.5777,37.3913,2.0,1.7,GUNPINAR-DARENDE (MALATYA) �lksel
2024-12-23 16:00:44,37.1998,28.8628,5.3,1.8,BEYAGAC (DENIZLI) �lksel
2024-12-23 15:40:14,37.5523,36.0592,19.6,1.2,YESILYAYLA-SUMBAS (OSMANIYE) �lksel
2024-12-23 15:33:51,38.8143,27.8303,8.7,2.0,SAZOBA-AKHISAR (MANISA) �lksel
2024-12-23 15:29:55,37.5998,37.2502,5.0,1.9,KAZANLIPINAR-(KAHRAMANMARAS) �lksel
2024-12-23 15:29:15,40.702,29.2513,11.4,2.0,YALOVA ACIKLARI (MARMARA DENIZI) �lksel
2024-12-23 12:13:56,36.8708,27.5693,11.2,1.6,GOKOVA KORFEZI (AKDENIZ) �lksel
2024-12-23 11:13:13,38.4448,37.3158,4.8,1.5,AKARCA-ELBISTAN (KAHRAMANMARAS) �lksel
2024-12-23 10:58:05,37.493,40.3655,5.0,1.6,EKINCILER-MAZIDAGI (MARDIN) �lksel
2024-12-23 09:58:50,39.8427,29.8963,7.7,2.0,ERIKLI-BOZUYUK (BILECIK) �lksel
2024-12-23 09:06:08,37.1572,28.9405,6.4,2.0,ESENLER-BEYAGAC (DENIZLI) �lksel
2024-12-23 08:40:37,36.9367,36.672,5.2,1.7,AGALAROBASI-ISLAHIYE (GAZIANTEP) �lksel
2024-12-23 08:39:14,38.9587,26.1532,5.6,2.2,MIDILLI ADASI GUNEYI (EGE DENIZI) �lksel
2024-12-23 08:07:10,38.1295,36.5187,8.2,1.3,BOZHUYUK-GOKSUN (KAHRAMANMARAS) �lksel
2024-12-23 07:12:01,40.645,29.093,16.9,2.0,CINARCIK (YALOVA) �lksel
2024-12-23 06:42:03,38.1288,38.4603,10.8,1.8,AKSU-SINCIK (ADIYAMAN) �lksel
2024-12-23 06:30:22,37.069,27.8153,14.3,1.9,FESLEGEN-MILAS (MUGLA) �lksel
2024-12-23 06:10:23,39.79,41.7625,7.9,1.9,EYUPLER-KOPRUKOY (ERZURUM) �lksel
2024-12-23 06:01:41,37.4558,37.159,5.6,1.5,DOGANLIKARAHASAN-PAZARCIK (KAHRAMANMARAS) �lksel
2024-12-23 05:45:07,38.2517,38.4177,5.0,1.7,UZUMLU-(MALATYA) �lksel
2024-12-23 05:37:12,38.25,37.9407,7.6,1.8,OREN-AKCADAG (MALATYA) �lksel
2024-12-23 05:23:50,37.84,26.9107,9.7,2.0,KUSADASI KORFEZI (EGE DENIZI) �lksel
2024-12-23 05:20:10,37.1428,28.8218,9.6,2.9,KARACAOREN-(MUGLA) �lksel
2024-12-23 04:17:07,38.6025,38.0028,8.4,1.9,BOGURTLEN-YAZIHAN (MALATYA) �lksel
2024-12-23 04:01:50,37.3722,36.9563,6.8,1.4,OZBEK-TURKOGLU (KAHRAMANMARAS) �lksel
2024-12-23 03:58:33,38.1187,38.461,5.0,1.9,AKSU-SINCIK (ADIYAMAN) �lksel
2024-12-23 03:54:44,38.537,28.2495,8.1,1.6,DURASILLI-SALIHLI (MANISA) �lksel
2024-12-23 03:39:43,38.3278,37.7457,16.4,1.5,KEPEZ-AKCADAG (MALATYA) �lksel
2024-12-23 03:09:37,37.4982,36.8923,5.4,1.6,HACIMUSTAFA-(KAHRAMANMARAS) �lksel
2024-12-23 01:40:14,36.7642,36.0015,8.6,2.1,ISKENDERUN KORFEZI (AKDENIZ) �lksel
2024-12-23 01:37:47,38.3545,38.7858,4.2,2.5,CANAKCI-KALE (MALATYA) �lksel
2024-12-23 01:24:57,39.7833,41.782,5.0,2.8,EYUPLER-KOPRUKOY (ERZURUM) �lksel
2024-12-23 01:15:55,38.5097,28.2342,7.2,1.8,DURASILLI-SALIHLI (MANISA) �lksel
2024-12-22 22:09:52,34.6562,26.2408,8.2,4.8,GIRIT ADASI ACIKLARI (AKDENIZ) �lksel
2024-12-22 21:12:13,36.1312,26.9902,8.1,2.9,AKDENIZ �lksel
2024-12-22 20:39:05,38.8117,37.4413,5.0,2.5,KULAHLI-GURUN (SIVAS) �lksel
2024-12-22 20:18:27,39.4998,38.9343,3.2,2.4,YUCEBELEN-KEMAH (ERZINCAN) �lksel
2024-12-22 19:39:43,38.1308,37.1325,5.6,1.9,GUPLUCE-ELBISTAN (KAHRAMANMARAS) �lksel
2024-12-22 18:29:46,37.1562,28.8455,11.1,1.6,BEYAGAC (DENIZLI) �lksel
2024-12-22 17:10:55,37.8288,36.2633,16.0,1.5,TOPALLAR-SAIMBEYLI (ADANA) �lksel
2024-12-22 16:56:25,38.563,40.4,7.5,2.8,YELKAYA-GENC (BINGOL) �lksel
2024-12-22 16:11:20,37.8363,36.4532,8.9,2.0,GEBEN-ANDIRIN (KAHRAMANMARAS) �lksel
2024-12-22 15:57:52,38.4443,39.2727,5.8,1.8,DUZBAHCE-SIVRICE (ELAZIG) �lksel
2024-12-22 15:08:12,40.8417,27.9512,8.1,3.6,MARMARA EREGLISI ACIKLARI-TEKIRDAG (MARMARA DENIZI�lksel
2024-12-22 14:53:06,34.2837,25.1728,10.4,3.9,GIRIT ADASI ACIKLARI (AKDENIZ) �lksel
2024-12-22 14:28:20,38.3102,38.8427,8.1,1.7,GUNDEGER-PUTURGE (MALATYA) �lksel
2024-12-22 13:55:59,37.7478,35.5892,5.4,1.3,KAPIKAYA-KOZAN (ADANA) �lksel
2024-12-22 13:47:24,38.238,37.2573,20.8,1.6,CITLIK-ELBISTAN (KAHRAMANMARAS) �lksel
2024-12-22 13:01:06,37.9562,36.3317,2.1,2.3,SIRMALI-GOKSUN (KAHRAMANMARAS) �lksel
2024-12-22 13:00:21,39.4945,28.1363,8.2,2.1,ISKELE-BIGADIC (BALIKESIR) �lksel
2024-12-22 12:46:34,38.512,26.869,5.4,2.1,IZMIR KORFEZI (EGE DENIZI) �lksel
2024-12-22 12:42:43,40.7682,33.6147,3.6,3.2,AHLATKOY-(CANKIRI) �lksel
2024-12-22 12:07:36,38.7725,40.0195,9.6,2.6,SARIBUGDAY-KOVANCILAR (ELAZIG) �lksel
2024-12-22 12:02:40,37.1067,27.8708,0.0,1.8,BAYIRKOY-MILAS (MUGLA) �lksel
2024-12-22 11:54:34,36.2465,28.947,14.0,2.3,AKDENIZ �lksel
2024-12-22 11:16:38,37.6715,35.7473,1.6,1.7,YANALERIK-KOZAN (ADANA) �lksel
2024-12-22 11:03:33,37.6388,35.9248,4.1,2.3,CURUKLU-KOZAN (ADANA) �lksel
2024-12-22 10:40:41,39.079,40.1278,6.6,2.0,SARIBASAK-KARAKOCAN (ELAZIG) �lksel
2024-12-22 09:55:50,36.0032,27.1865,10.5,1.9,AKDENIZ �lksel
2024-12-22 09:32:53,38.184,38.5862,13.4,1.8,SOGUTLU-PUTURGE (MALATYA) �lksel
2024-12-22 08:50:13,38.1048,38.4475,8.6,1.5,KARAGOL-CELIKHAN (ADIYAMAN) �lksel
2024-12-22 08:45:32,37.8167,36.5322,5.0,2.6,KUMARLI-(KAHRAMANMARAS) �lksel
2024-12-22 08:09:17,36.3898,36.2658,5.6,2.4,OVAKENT-(HATAY) �lksel
2024-12-22 07:53:03,38.0862,37.0153,27.4,1.4,CALIS-ELBISTAN (KAHRAMANMARAS) �lksel
2024-12-22 07:50:30,37.6838,27.636,11.9,1.8,ESENTEPE-KOCARLI (AYDIN) �lksel
2024-12-22 07:03:09,39.0673,28.0442,5.2,1.4,KOCAKAGAN-AKHISAR (MANISA) �lksel
2024-12-22 04:45:41,35.8797,35.9895,20.0,2.3,YAYLADAGI (HATAY) �lksel
2024-12-22 04:19:37,35.6413,30.8427,11.2,2.2,AKDENIZ �lksel
2024-12-22 03:34:19,38.2983,31.1645,7.9,2.5,YALVAC (ISPARTA) �lksel
2024-12-22 03:29:00,36.5525,26.8417,26.5,2.4,AKDENIZ �lksel
2024-12-22 02:57:39,38.5007,28.2232,10.5,1.5,KARAOGLANLI-SALIHLI (MANISA) �lksel
2024-12-22 02:56:08,36.9705,36.3455,12.4,2.0,KULLU-(OSMANIYE) �lksel
2024-12-22 02:05:15,38.1075,38.4503,15.0,1.4,KARAGOL-CELIKHAN (ADIYAMAN) �lksel
2024-12-22 01:54:22,37.0838,28.5267,19.5,1.7,CICEKLI-ULA (MUGLA) �lksel
2024-12-22 01:23:14,40.4113,28.8383,5.2,1.7,KUMYAKA-MUDANYA (BURSA) �lksel
2024-12-22 01:10:50,37.4753,35.5158,18.1,1.5,DOGANALANI-KOZAN (ADANA) �lksel
2024-12-22 00:55:09,38.3902,37.4848,5.0,1.5,YALINTAS-ELBISTAN (KAHRAMANMARAS) �lksel
2024-12-22 00:53:59,39.852,42.9618,14.3,1.3,AHMETBEY-(AGRI) �lksel
2024-12-22 00:48:23,38.6475,38.0307,7.7,1.4,ALICAN-YAZIHAN (MALATYA) �lksel
2024-12-22 00:40:25,37.7737,35.645,4.8,2.2,GORBEYAZ-KOZAN (ADANA) �lksel
2024-12-22 00:24:08,39.6898,44.3783,7.7,2.2,YENIDOGAN-ARALIK (IGDIR) �lksel
2024-12-21 21:41:07,37.0902,30.5262,2.5,1.5,YAGCA-DOSEMEALTI (ANTALYA) �lksel
2024-12-21 21:28:52,35.0987,34.395,39.7,2.2,AKDENIZ �lksel
2024-12-21 20:50:45,37.125,27.8768,0.0,1.6,BAGDAMLARI-MILAS (MUGLA) �lksel
2024-12-21 20:49:00,37.9947,37.5965,4.0,1.1,GOVDELI-DOGANSEHIR (MALATYA) �lksel
2024-12-21 20:31:28,40.9518,28.7407,13.8,3.0,AVCILAR (ISTANBUL) �lksel
2024-12-21 20:07:37,37.7735,36.57,8.7,1.5,KAYNAR-(KAHRAMANMARAS) �lksel
2024-12-21 19:59:40,37.8695,36.0507,14.1,1.3,HIMMETLI-SAIMBEYLI (ADANA) �lksel
2024-12-21 19:04:26,40.7358,27.4023,13.6,2.5,GUZELKOY ACIKLARI-TEKIRDAG (MARMARA DENIZI) �lksel
2024-12-21 18:24:30,38.328,39.4263,4.5,1.4,KOCKONAGI-MADEN (ELAZIG) �lksel
2024-12-21 17:52:45,39.2835,44.0757,5.0,2.2,SOGUKSU-CALDIRAN (VAN) �lksel
2024-12-21 17:52:16,38.1552,38.8027,15.7,1.8,GOKCELI-PUTURGE (MALATYA) �lksel
2024-12-21 17:41:24,39.7252,26.3817,6.2,1.4,CARIKSIZ-EZINE (CANAKKALE) �lksel
2024-12-21 17:21:45,39.3105,37.643,2.9,1.2,KABAKCEVLIGI-KANGAL (SIVAS) �lksel
2024-12-21 16:34:04,38.4273,27.3758,13.1,1.9,KIZILUZUM-KEMALPASA (IZMIR) �lksel
2024-12-21 16:05:27,37.9552,36.6545,14.5,1.8,ELMALI-GOKSUN (KAHRAMANMARAS) �lksel
2024-12-21 13:54:29,40.0975,23.306,12.1,2.9,YUNANISTAN �lksel
2024-12-21 13:45:31,38.118,36.8618,7.5,2.1,KAMISCIK-GOKSUN (KAHRAMANMARAS) �lksel
2024-12-21 13:40:51,37.3112,37.0248,5.0,2.2,CENNETPINARI-PAZARCIK (KAHRAMANMARAS) �lksel
2024-12-21 12:28:07,37.1252,27.8518,0.0,2.0,PINARARASI-MILAS (MUGLA) �lksel
2024-12-21 12:03:02,38.2517,38.5775,10.0,2.3,TANISIK-(MALATYA) �lksel
2024-12-21 11:52:30,37.7802,36.5285,7.9,2.4,KAYNAR-(KAHRAMANMARAS) �lksel
2024-12-21 10:04:27,41.0657,37.4173,13.4,1.9,ESKIKIZILCAKESE-UNYE (ORDU) �lksel
2024-12-21 09:31:49,38.2657,37.7917,8.0,2.0,CEVIRME-AKCADAG (MALATYA) �lksel
2024-12-21 09:23:39,38.1093,38.5445,3.7,1.8,ARIKONAK-SINCIK (ADIYAMAN) �lksel
2024-12-21 08:00:11,39.0315,40.4108,5.0,2.1,BALIKLICAY-(BINGOL) �lksel
2024-12-21 07:10:48,37.8653,29.3063,6.6,2.0,GURLEYIK-HONAZ (DENIZLI) �lksel
2024-12-21 06:11:21,38.3453,38.2068,4.1,1.9,TOPSOGUT-(MALATYA) �lksel
2024-12-21 06:10:38,37.1262,27.9112,12.5,1.8,SEKKOY-MILAS (MUGLA) �lksel
2024-12-21 04:35:48,40.0965,24.8123,9.4,3.1,EGE DENIZI �lksel
2024-12-21 03:53:36,38.1793,37.074,16.3,1.1,KALEALTI-ELBISTAN (KAHRAMANMARAS) �lksel
2024-12-21 03:23:33,38.8123,37.4115,9.6,1.7,YUVA-GURUN (SIVAS) �lksel
2024-12-21 03:08:02,38.2503,37.7965,15.8,1.1,DEDEYAZI-DOGANSEHIR (MALATYA) �lksel
2024-12-21 03:04:32,38.202,38.6333,7.0,1.7,SOGUTLU-PUTURGE (MALATYA) �lksel
2024-12-21 03:00:27,38.237,37.4103,21.4,1.1,KOSEYAHYA-ELBISTAN (KAHRAMANMARAS) �lksel
2024-12-21 02:14:20,39.155,26.8742,9.6,2.0,GOKCEAGIL-DIKILI (IZMIR) �lksel
2024-12-21 02:08:01,39.9815,45.6125,5.0,2.9,ERMENISTAN �lksel
2024-12-21 02:03:55,38.3083,38.7483,21.9,1.8,SARIOT-KALE (MALATYA) �lksel
2024-12-21 02:01:55,39.859,45.7235,5.0,4.3,ERMENISTAN �lksel
2024-12-21 01:57:06,38.293,37.799,1.8,2.0,ORTAKOY-AKCADAG (MALATYA) �lksel
2024-12-21 01:41:19,38.2107,37.6857,16.8,1.5,ATMALIKASANLI-ELBISTAN (KAHRAMANMARAS) �lksel
2024-12-21 00:31:15,38.2633,37.0902,2.5,1.8,KARAHUYUK-ELBISTAN (KAHRAMANMARAS) �lksel
2024-12-21 00:06:35,40.2143,31.8507,5.6,2.1,CAKILOBA-BEYPAZARI (ANKARA) �lksel
2024-12-20 23:45:57,37.1427,27.8812,11.9,1.4,BAGDAMLARI-MILAS (MUGLA) �lksel
2024-12-20 23:21:30,38.0372,37.7018,10.5,1.2,BEGRE-DOGANSEHIR (MALATYA) �lksel
2024-12-20 22:55:00,39.1665,26.8492,6.7,2.3,KIRATLI-DIKILI (IZMIR) �lksel
2024-12-20 22:50:14,39.1392,26.882,12.3,3.0,KABAKUM-DIKILI (IZMIR) �lksel
2024-12-20 22:44:31,38.154,38.503,2.3,1.8,AKSU-SINCIK (ADIYAMAN) �lksel
2024-12-20 22:33:20,40.439,23.3837,5.4,2.7,YUNANISTAN �lksel
2024-12-20 21:31:02,38.1445,36.5985,2.0,1.4,YENIYAPAN-GOKSUN (KAHRAMANMARAS) �lksel
2024-12-20 19:53:52,38.1737,38.5527,8.3,1.5,ULUKOY-(MALATYA) �lksel
2024-12-20 19:42:03,38.2565,30.5547,8.6,1.5,AKCIN-DINAR (AFYONKARAHISAR) �lksel
2024-12-20 19:27:56,39.3987,44.4775,12.7,2.4,SARICAVUS-DOGUBAYAZIT (AGRI) �lksel
2024-12-20 19:03:04,37.9137,36.4107,12.3,1.5,BUYUKCAMURLU-GOKSUN (KAHRAMANMARAS) �lksel
2024-12-20 18:48:16,38.5367,27.114,16.6,1.5,YAMANLAR-KARSIYAKA (IZMIR) �lksel
2024-12-20 18:08:03,35.612,27.2773,8.7,2.5,AKDENIZ �lksel
2024-12-20 18:00:58,38.5905,27.1052,17.0,2.1,YAHSELLI-MENEMEN (IZMIR) �lksel
2024-12-20 17:51:01,38.2675,38.1918,6.4,1.5,SEYITUSAGI-YESILYURT (MALATYA) �lksel
2024-12-20 16:08:13,39.8387,39.938,9.2,1.9,OZANLI-CAYIRLI (ERZINCAN) �lksel
2024-12-20 16:02:03,38.5492,40.4203,3.7,2.0,SENLIK-LICE (DIYARBAKIR) �lksel
2024-12-20 15:14:20,38.027,37.5715,9.1,1.8,GOVDELI-DOGANSEHIR (MALATYA) �lksel
2024-12-20 14:55:53,36.4183,33.4007,5.0,1.3,UCOLUK-GULNAR (MERSIN) �lksel
2024-12-20 14:42:02,38.9862,26.1235,26.1,1.9,MIDILLI ADASI GUNEYI (EGE DENIZI) �lksel
2024-12-20 14:07:12,40.6193,27.6347,6.8,1.5,MARMARA DENIZI �lksel
2024-12-20 14:00:59,38.5563,37.9813,21.5,1.7,IRIAGAC-YAZIHAN (MALATYA) �lksel
2024-12-20 13:50:52,36.6618,26.9697,119.0,2.6,KOS ADASI (AKDENIZ) �lksel
2024-12-20 13:26:28,39.5655,27.6093,20.7,1.4,YAREN-IVRINDI (BALIKESIR) �lksel
2024-12-20 13:11:13,38.8413,27.3525,20.5,2.0,ORENCIK-(MANISA) �lksel
2024-12-20 12:50:23,39.4932,28.1513,2.3,2.2,ISKELE-BIGADIC (BALIKESIR) �lksel
2024-12-20 12:49:03,38.661,39.8732,19.8,1.5,UCDEGIRMENLER-PALU (ELAZIG) REVIZE01 (2024.12.20 12:49:08)
2024-12-20 12:43:09,38.1488,38.4595,14.6,1.6,AKSU-SINCIK (ADIYAMAN) �lksel
2024-12-20 12:29:36,38.3037,38.0922,0.0,1.3,AYDINLAR-AKCADAG (MALATYA) �lksel
2024-12-20 12:25:07,37.2695,31.9838,0.0,1.5,CATMAKAYA-SEYDISEHIR (KONYA) �lksel
2024-12-20 11:46:52,38.0948,29.05,3.3,1.2,CINDERE-GUNEY (DENIZLI) �lksel
2024-12-20 10:47:01,39.2252,27.7182,0.0,1.5,DENIS-SOMA (MANISA) �lksel
2024-12-20 07:53:59,38.2287,38.0527,10.5,1.7,KIRLANGIC-YESILYURT (MALATYA) �lksel
2024-12-20 07:11:54,38.2577,38.7593,6.5,1.9,BALPINARI-PUTURGE (MALATYA) �lksel
2024-12-20 06:34:51,38.2287,37.9897,17.9,1.5,DEDEKOY-AKCADAG (MALATYA) �lksel
2024-12-20 05:52:10,37.5415,30.5452,5.0,1.6,ALKAYA-BUCAK (BURDUR) �lksel
2024-12-20 05:44:39,38.4495,39.2325,5.5,2.5,ALINCIK-SIVRICE (ELAZIG) �lksel
2024-12-20 05:37:53,36.1427,31.2937,11.2,2.2,AKDENIZ �lksel
2024-12-20 04:57:05,38.0212,36.737,26.0,1.3,YESILKOY-GOKSUN (KAHRAMANMARAS) �lksel
2024-12-20 04:39:50,40.395,28.4537,11.8,2.3,BOGAZ-KARACABEY (BURSA) �lksel
2024-12-20 04:28:25,37.6308,29.918,5.0,2.3,BUYUKYAKA-YESILOVA (BURDUR) �lksel
2024-12-20 04:21:30,39.1073,39.0323,17.9,1.2,GOZLUCAYIR-CEMISGEZEK (TUNCELI) �lksel
2024-12-20 03:27:05,37.083,36.8848,5.4,2.1,KUZOLUK-NURDAGI (GAZIANTEP) �lksel
2024-12-20 03:22:44,36.8753,28.22,12.3,1.2,YESILBELDE-MARMARIS (MUGLA) �lksel
2024-12-20 03:09:09,40.4037,28.838,10.2,1.8,KUMYAKA-MUDANYA (BURSA) REVIZE01 (2024.12.20 03:09:09)
2024-12-20 03:07:03,40.4037,28.8297,8.0,2.4,KUMYAKA-MUDANYA (BURSA) �lksel
2024-12-20 02:47:59,37.9938,29.5335,9.8,1.6,BOGAZICI-BAKLAN (DENIZLI) �lksel
2024-12-20 02:42:56,38.1227,36.6787,5.4,1.7,KARAOMER-GOKSUN (KAHRAMANMARAS) �lksel
2024-12-20 02:01:03,40.4293,27.1518,15.6,1.9,AKSAZ-BIGA (CANAKKALE) �lksel
2024-12-20 01:29:33,40.4005,28.8192,8.1,2.2,KUMYAKA-MUDANYA (BURSA) �lksel
2024-12-20 01:24:19,38.0845,37.5188,6.0,2.0,SUNNETKOY-ELBISTAN (KAHRAMANMARAS) �lksel
2024-12-20 00:09:37,37.6028,29.9638,3.0,2.0,YARISLI-YESILOVA (BURDUR) �lksel
2024-12-19 23:30:47,37.2022,36.0353,14.0,1.5,BIRKENT-CEYHAN (ADANA) �lksel
2024-12-19 23:23:00,37.1247,36.7458,8.9,1.6,GOZLUHUYUK-NURDAGI (GAZIANTEP) �lksel
2024-12-19 21:52:07,37.316,36.8788,7.6,1.7,BALIKALAN-NURDAGI (GAZIANTEP) �lksel
2024-12-19 21:16:13,39.7453,38.9468,2.4,2.4,AGACSARAY-KEMAH (ERZINCAN) �lksel
2024-12-19 21:11:56,39.7457,38.9533,12.2,1.6,AGACSARAY-KEMAH (ERZINCAN) �lksel
2024-12-19 20:58:46,39.7213,38.9253,3.5,2.3,AGACSARAY-KEMAH (ERZINCAN) �lksel
2024-12-19 20:57:22,40.7048,29.26,8.7,2.5,YALOVA ACIKLARI (MARMARA DENIZI) �lksel
2024-12-19 20:40:40,39.7217,38.9252,8.5,2.2,AGACSARAY-KEMAH (ERZINCAN) �lksel
2024-12-19 20:35:19,39.7257,38.9283,1.1,2.3,AGACSARAY-KEMAH (ERZINCAN) �lksel
2024-12-19 20:05:59,37.5542,26.7617,5.0,1.8,EGE DENIZI �lksel
2024-12-19 19:15:18,39.3835,28.268,8.9,2.8,ADALI-BIGADIC (BALIKESIR) �lksel
2024-12-19 18:51:43,40.4117,28.8413,15.3,2.2,KUMYAKA-MUDANYA (BURSA) �lksel
2024-12-19 18:08:11,40.4637,26.2355,15.0,1.2,SAROS KORFEZI (EGE DENIZI) �lksel
2024-12-19 17:19:54,37.2875,36.2255,7.8,2.0,KARATEPE-KADIRLI (OSMANIYE) �lksel
2024-12-19 17:00:24,39.3162,23.5882,5.5,2.5,YUNANISTAN �lksel
2024-12-19 16:57:04,37.4933,37.2283,6.1,2.5,YARBASI-PAZARCIK (KAHRAMANMARAS) �lksel
2024-12-19 16:13:40,39.1205,40.09,5.0,3.1,OZLUCE-KARAKOCAN (ELAZIG) �lksel
2024-12-19 15:53:35,38.0707,33.4072,9.1,1.1,ESENTEPE-KARATAY (KONYA) �lksel
2024-12-19 15:29:38,35.3567,33.1635,0.0,1.2,KIBRIS-LAPTA �lksel
2024-12-19 15:14:13,40.398,28.8047,6.9,1.8,ZEYTINBAGI-MUDANYA (BURSA) �lksel
2024-12-19 14:39:07,37.902,36.5098,5.0,1.9,DEGIRMENDERE-GOKSUN (KAHRAMANMARAS) �lksel
2024-12-19 14:22:54,36.6167,36.1982,5.4,1.5,CINARLI-ISKENDERUN (HATAY) �lksel
2024-12-19 14:09:25,36.1412,33.6597,0.0,1.5,YESILOVACIK-SILIFKE (MERSIN) �lksel
2024-12-19 13:31:46,37.6678,38.352,15.3,1.5,DISBUDAK-(ADIYAMAN) �lksel
2024-12-19 13:29:09,39.1985,29.2868,0.0,1.5,HAMAMKOY-HISARCIK (KUTAHYA) �lksel
2024-12-19 13:06:39,36.1657,34.3767,5.0,1.6,KURTULUS ACIKLARI-MERSIN (AKDENIZ) �lksel
2024-12-19 13:03:10,35.5415,33.5482,5.0,2.0,AKDENIZ �lksel
2024-12-19 12:57:18,38.4577,39.1755,8.0,2.3,DEDEYOLU-SIVRICE (ELAZIG) �lksel
2024-12-19 12:30:47,39.3105,27.837,0.0,1.6,HAMIDIYE-KIRKAGAC (MANISA) �lksel
2024-12-19 12:28:40,36.4028,33.7373,1.0,0.8,KEBEN-SILIFKE (MERSIN) �lksel
2024-12-19 12:12:35,38.292,34.724,13.1,1.4,AGCASAR-(NIGDE) �lksel
2024-12-19 12:12:01,38.9833,39.5328,9.5,1.5,ASAGITARLACIK-MAZGIRT (TUNCELI) �lksel
2024-12-19 12:06:24,39.3305,27.8675,2.6,2.2,KOCAISKAN-KIRKAGAC (MANISA) �lksel
2024-12-19 12:02:55,37.8923,41.3558,11.9,1.5,ASMADERE-BESIRI (BATMAN) �lksel
2024-12-19 11:59:21,37.456,36.5365,27.1,1.1,COKRAN-(KAHRAMANMARAS) �lksel
2024-12-19 11:55:27,38.2288,38.2822,26.1,1.6,KOZLUK-YESILYURT (MALATYA) �lksel
2024-12-19 11:04:20,37.1195,37.009,0.0,1.6,TERKEN-NURDAGI (GAZIANTEP) �lksel
2024-12-19 10:19:28,39.7558,27.7005,7.7,1.4,TURPLU-(BALIKESIR) �lksel
2024-12-19 09:48:03,38.99,39.1048,26.6,1.2,BULGURTEPE-PERTEK (TUNCELI) �lksel
2024-12-19 09:26:03,40.0985,31.7905,9.9,2.0,KAYABUKU-BEYPAZARI (ANKARA) �lksel
2024-12-19 08:39:18,36.6643,36.4542,5.3,1.7,YUVALI-HASSA (HATAY) �lksel
2024-12-19 07:49:31,38.0,36.5343,6.6,1.3,ASLANBEYCIFTLIGI-GOKSUN (KAHRAMANMARAS) �lksel
2024-12-19 07:29:54,40.0863,36.0672,4.0,1.8,ARPACIKARACAY-SULUSARAY (TOKAT) �lksel
2024-12-19 07:27:28,35.8378,27.1215,14.4,1.6,AKDENIZ �lksel
2024-12-19 07:26:06,38.067,36.64,6.6,1.8,GUCUKSU-GOKSUN (KAHRAMANMARAS) �lksel
2024-12-19 07:15:44,37.7812,35.6623,19.4,1.1,GORBEYAZ-KOZAN (ADANA) �lksel
2024-12-19 06:19:16,40.1407,31.7078,10.6,1.6,ULUKOY-NALLIHAN (ANKARA) �lksel
2024-12-19 06:02:05,35.4927,27.4453,5.0,2.4,AKDENIZ �lksel
2024-12-19 05:55:25,38.0217,29.0852,14.2,1.0,EYMIR-(DENIZLI) �lksel
2024-12-19 05:50:56,37.9625,36.3343,5.0,1.7,SIRMALI-GOKSUN (KAHRAMANMARAS) �lksel
2024-12-19 05:36:05,40.6592,40.5768,8.4,2.0,KAMA-IKIZDERE (RIZE) �lksel
2024-12-19 05:28:16,37.9268,29.4943,10.7,1.4,DENIZLER-CAL (DENIZLI) �lksel
2024-12-19 05:25:12,35.9948,26.8498,12.7,2.0,AKDENIZ �lksel
2024-12-19 05:24:02,40.1728,23.3362,6.3,2.4,YUNANISTAN �lksel
2024-12-19 04:58:41,37.9412,29.4785,7.1,3.7,DENIZLER-CAL (DENIZLI) �lksel
2024-12-19 04:12:35,38.9948,25.9702,13.7,1.7,MIDILLI ADASI GUNEYI (EGE DENIZI) �lksel
2024-12-19 03:42:37,37.7855,37.6687,7.7,1.3,YARBASI-GOLBASI (ADIYAMAN) �lksel
2024-12-19 03:32:17,40.7263,27.458,16.6,2.0,GUZELKOY ACIKLARI-TEKIRDAG (MARMARA DENIZI) �lksel
2024-12-19 03:20:14,36.0002,27.2153,9.3,2.0,AKDENIZ �lksel
2024-12-19 03:05:14,36.2205,28.7943,26.5,1.2,AKDENIZ �lksel
2024-12-19 02:52:14,38.1492,37.0705,4.4,1.1,IGDE-ELBISTAN (KAHRAMANMARAS) �lksel
2024-12-19 02:22:46,40.6297,30.4872,9.2,2.2,KANLICAY-KARAPURCEK (SAKARYA) �lksel
2024-12-19 02:17:32,37.2995,37.0373,5.4,2.2,CENNETPINARI-PAZARCIK (KAHRAMANMARAS) �lksel
2024-12-19 01:47:30,37.7358,36.5315,6.6,1.8,AKGUMUS-ANDIRIN (KAHRAMANMARAS) �lksel
2024-12-19 01:45:13,38.8765,43.503,7.1,2.2,ERMISLER-(VAN) �lksel
2024-12-19 01:26:53,35.5513,26.2307,5.9,2.1,GIRIT ADASI (AKDENIZ) �lksel
2024-12-19 00:47:47,39.2777,36.2515,5.7,1.8,KOMURKAYA-SARKISLA (SIVAS) �lksel
2024-12-19 00:41:24,39.3793,25.6243,10.3,1.5,EGE DENIZI �lksel
2024-12-19 00:34:25,41.0268,33.1988,5.0,1.8,KARAKUZU-BAYRAMOREN (CANKIRI) �lksel
2024-12-19 00:14:47,37.4578,30.6212,4.2,1.5,BUCAK (BURDUR) �lksel
2024-12-18 23:40:24,38.1132,30.9113,13.8,1.5,YENICE-GELENDOST (ISPARTA) �lksel
2024-12-18 21:42:57,35.7302,25.3605,8.2,2.0,GIRIT ADASI (AKDENIZ) �lksel
2024-12-18 21:05:45,37.6108,35.878,6.6,2.1,KARABUCAK-KOZAN (ADANA) �lksel
2024-12-18 20:36:26,36.4473,36.3137,5.3,1.8,OZSOGUKSU-KIRIKHAN (HATAY) �lksel
2024-12-18 20:29:11,38.0037,36.702,6.8,1.5,KIZILOZ-GOKSUN (KAHRAMANMARAS) �lksel
2024-12-18 20:20:27,37.9182,36.499,8.4,1.5,DEGIRMENDERE-GOKSUN (KAHRAMANMARAS) �lksel
2024-12-18 20:18:56,37.5327,26.8713,13.5,1.7,EGE DENIZI �lksel
2024-12-18 20:06:26,37.6255,35.3903,14.5,1.8,YETIMLI-ALADAG (ADANA) �lksel
2024-12-18 19:52:12,38.3802,38.7832,2.3,1.6,KOZLUK-KALE (MALATYA) �lksel
2024-12-18 19:24:24,40.2977,29.497,12.8,1.6,SELIMIYE-YENISEHIR (BURSA) REVIZE01 (2024.12.18 19:24:24)
2024-12-18 18:51:54,39.7593,41.9755,9.1,1.7,YESILOVA-KARAYAZI (ERZURUM) �lksel
2024-12-18 18:06:42,39.1427,42.0728,12.5,1.9,KARAAGIL-BULANIK (MUS) �lksel
2024-12-18 16:48:14,38.0593,29.0352,5.5,2.5,ERTUGRUL-GUNEY (DENIZLI) �lksel
2024-12-18 15:51:39,40.1407,23.1678,6.4,3.0,YUNANISTAN �lksel
2024-12-18 15:05:48,36.9757,27.2507,6.2,1.7,AKYARLAR-BODRUM (MUGLA) �lksel
2024-12-18 15:01:05,38.0348,29.0702,9.5,1.8,BELENARDIC-AKKOY (DENIZLI) �lksel
2024-12-18 14:56:38,38.2023,31.0267,11.7,1.3,CALTI-GELENDOST (ISPARTA) �lksel
2024-12-18 14:26:48,38.5822,39.1527,24.3,1.1,TADIM-(ELAZIG) �lksel
2024-12-18 14:21:43,37.8165,38.2832,3.4,1.7,PALANLI-(ADIYAMAN) �lksel
2024-12-18 14:18:12,39.3483,29.3213,0.0,1.5,SARIAYAK-EMET (KUTAHYA) �lksel
2024-12-18 14:04:05,38.0985,37.2258,14.3,1.4,AKPINAR-EKINOZU (KAHRAMANMARAS) �lksel
2024-12-18 13:42:05,39.5305,28.2125,3.0,1.7,DOGANCAM-BIGADIC (BALIKESIR) �lksel
2024-12-18 13:37:55,39.519,28.1018,26.1,1.2,YENIKOY-BIGADIC (BALIKESIR) �lksel
2024-12-18 13:36:38,39.497,28.1563,10.9,1.4,ISKELE-BIGADIC (BALIKESIR) �lksel
2024-12-18 13:10:47,37.7885,27.0938,5.3,1.8,KUSADASI KORFEZI (EGE DENIZI) �lksel
2024-12-18 13:08:26,39.45,28.0432,16.8,1.5,DEDECINAR-BIGADIC (BALIKESIR) �lksel
2024-12-18 13:07:12,39.4398,28.1587,7.6,2.1,SALMANLI-BIGADIC (BALIKESIR) �lksel
2024-12-18 13:04:06,37.0292,36.9093,9.3,1.6,KUZOLUK-NURDAGI (GAZIANTEP) �lksel
2024-12-18 12:53:29,38.4428,39.2453,4.2,1.8,KURKKOY-SIVRICE (ELAZIG) �lksel
2024-12-18 12:46:47,39.3478,33.4035,0.0,1.4,KUCUKCAMILI-BALA (ANKARA) �lksel
2024-12-18 12:44:19,36.9637,35.7385,5.0,1.2,AGACPINAR-CEYHAN (ADANA) �lksel
2024-12-18 12:18:21,38.2103,37.7788,11.9,2.0,CAVUSLU-DOGANSEHIR (MALATYA) REVIZE01 (2024.12.18 12:18:22)
2024-12-18 11:58:55,35.8688,27.495,8.1,3.5,AKDENIZ �lksel
2024-12-18 11:24:13,38.1118,37.2007,5.8,2.0,AKPINAR-EKINOZU (KAHRAMANMARAS) �lksel
2024-12-18 10:31:12,40.0723,36.0348,16.2,1.4,ARPACIKARACAY-SULUSARAY (TOKAT) �lksel
2024-12-18 09:50:35,36.001,31.0165,12.3,1.7,AKDENIZ �lksel
2024-12-18 09:47:54,38.0732,29.0285,11.1,1.3,ERTUGRUL-GUNEY (DENIZLI) �lksel
2024-12-18 09:46:57,40.3123,24.176,8.8,2.6,YUNANISTAN �lksel
2024-12-18 09:43:59,38.1208,37.1407,2.5,1.8,GUPLUCE-ELBISTAN (KAHRAMANMARAS) �lksel
2024-12-18 09:25:48,40.7978,31.0448,13.7,1.8,ICMELER-GOLYAKA (DUZCE) �lksel
2024-12-18 08:52:12,36.4292,31.8115,16.8,2.2,ANTALYA KORFEZI (AKDENIZ) �lksel
2024-12-18 06:57:57,40.1577,31.7248,5.0,1.8,SEKLI-BEYPAZARI (ANKARA) �lksel
2024-12-18 06:51:46,38.1675,30.9288,4.3,2.6,AKDAG-GELENDOST (ISPARTA) �lksel
2024-12-18 06:44:44,40.8167,31.3268,12.2,1.7,SARICOKEK-KAYNASLI (DUZCE) �lksel
2024-12-18 06:26:04,38.0763,29.0533,7.8,1.8,ERTUGRUL-GUNEY (DENIZLI) �lksel
2024-12-18 06:16:27,40.3493,24.1413,13.0,1.4,YUNANISTAN �lksel
2024-12-18 06:11:36,40.404,28.8248,7.4,1.6,KUMYAKA-MUDANYA (BURSA) �lksel
2024-12-18 05:41:32,37.055,36.9182,6.2,2.8,KUZOLUK-NURDAGI (GAZIANTEP) �lksel
2024-12-18 05:30:37,38.0702,29.0522,7.5,1.7,BELENARDIC-AKKOY (DENIZLI) �lksel
2024-12-18 04:50:14,38.0865,37.742,7.7,1.6,SOGUT-DOGANSEHIR (MALATYA) �lksel
2024-12-18 04:35:30,38.4267,38.8392,17.2,1.0,GULENKOY-KALE (MALATYA) �lksel
2024-12-18 04:16:03,37.8608,36.6785,8.2,1.1,SAHINKAYASI-(KAHRAMANMARAS) �lksel
2024-12-18 04:09:53,36.8387,36.3747,2.7,1.3,KAPILI-DORTYOL (HATAY) �lksel
2024-12-18 04:06:24,40.8083,27.7945,14.2,1.1,MARMARA DENIZI �lksel
2024-12-18 04:03:11,38.2355,38.656,5.0,1.7,KAVAKLIDERE-PUTURGE (MALATYA) �lksel
2024-12-18 03:56:44,38.0762,29.0552,2.3,1.9,ERTUGRUL-GUNEY (DENIZLI) �lksel
2024-12-18 03:56:06,38.7182,38.8805,7.8,1.5,ASAGICAKMAK-KEBAN (ELAZIG) �lksel
2024-12-18 03:41:26,39.7233,26.0625,16.8,1.4,TAVAKLI ACIKLARI-CANAKKALE (EGE DENIZI) �lksel
2024-12-18 03:37:52,37.7695,35.6228,6.4,1.3,YUKARIKECILI-KOZAN (ADANA) �lksel
2024-12-18 03:35:29,38.6237,39.4212,2.3,1.4,YENIKAPI-(ELAZIG) �lksel
2024-12-18 03:16:55,38.0417,29.0352,14.8,1.1,BELENARDIC-AKKOY (DENIZLI) �lksel
2024-12-18 03:08:18,38.0848,29.0513,6.4,2.0,ERTUGRUL-GUNEY (DENIZLI) �lksel
2024-12-18 03:01:23,38.0687,29.0472,7.6,4.0,ERTUGRUL-GUNEY (DENIZLI) �lksel
2024-12-18 02:43:16,35.501,27.0262,9.6,2.1,AKDENIZ �lksel
2024-12-18 02:36:30,38.4695,38.068,8.0,1.4,ILICAK-AKCADAG (MALATYA) �lksel
2024-12-18 02:32:14,40.9693,24.9522,8.1,1.6,YUNANISTAN �lksel
2024-12-18 02:31:32,39.5553,28.212,3.4,1.9,TILKICIK-KEPSUT (BALIKESIR) �lksel
2024-12-18 02:28:05,38.9975,40.5277,5.3,1.5,KURTULUS-(BINGOL) �lksel
2024-12-18 02:19:28,35.7187,31.369,5.0,2.5,AKDENIZ �lksel
2024-12-18 02:16:39,38.6283,39.4912,7.6,1.4,ELMAPINARI-(ELAZIG) �lksel
2024-12-18 02:13:03,39.4073,42.9893,2.8,1.8,SULEYMANKUMBET-HAMUR (AGRI) �lksel
2024-12-18 02:05:45,38.4323,31.7793,26.4,0.8,KONARI-TUZLUKCU (KONYA) �lksel
2024-12-18 01:48:39,38.143,38.6075,5.6,1.6,TEKEDERESI-PUTURGE (MALATYA) �lksel
2024-12-18 01:10:38,38.3162,38.7907,5.0,1.7,BOLUKKAYA-PUTURGE (MALATYA) �lksel
2024-12-18 00:55:26,39.3763,28.2507,6.2,3.0,DURASILAR-BIGADIC (BALIKESIR) �lksel
2024-12-18 00:24:02,39.0485,27.4915,7.6,1.6,KALEMKOY-KINIK (IZMIR) �lksel
2024-12-18 00:01:43,39.4145,25.942,12.9,2.2,BADEMLI ACIKLARI-CANAKKALE (EGE DENIZI) �lksel
2024-12-17 23:58:30,39.431,25.9097,8.3,1.4,BADEMLI ACIKLARI-CANAKKALE (EGE DENIZI) �lksel
2024-12-17 22:38:26,38.367,38.8328,5.4,1.8,AKUSAGI-KALE (MALATYA) �lksel
2024-12-17 22:32:16,35.5208,30.6465,24.1,2.5,AKDENIZ �lksel
2024-12-17 22:03:11,38.0662,29.045,6.0,2.1,ERTUGRUL-GUNEY (DENIZLI) �lksel
2024-12-17 21:52:28,37.643,35.8863,5.4,1.4,KARABUCAK-KOZAN (ADANA) �lksel
2024-12-17 21:24:31,37.8985,36.4188,25.0,1.3,BUYUKCAMURLU-GOKSUN (KAHRAMANMARAS) �lksel
2024-12-17 21:01:46,40.058,24.4903,16.7,1.3,EGE DENIZI �lksel
2024-12-17 20:36:22,37.0633,28.5695,4.9,1.4,BALCILAR-KOYCEGIZ (MUGLA) �lksel
2024-12-17 19:49:53,37.7563,26.9013,14.2,1.3,SISAM ADASI (EGE DENIZI) �lksel
2024-12-17 19:49:21,38.2743,37.7997,6.7,2.1,ORTAKOY-AKCADAG (MALATYA) �lksel
2024-12-17 19:45:08,37.8208,26.913,4.9,1.8,SISAM ADASI (EGE DENIZI) �lksel
2024-12-17 17:06:59,38.0997,37.8213,9.2,2.1,TOPRAKTEPE-DOGANSEHIR (MALATYA) �lksel
2024-12-17 16:07:11,38.453,39.1898,6.3,1.7,DEDEYOLU-SIVRICE (ELAZIG) �lksel
2024-12-17 15:32:04,38.4788,39.3023,5.0,1.6,BEKCITEPE-SIVRICE (ELAZIG) �lksel
2024-12-17 15:01:46,38.02,36.276,13.8,1.3,KAZANDERE-GOKSUN (KAHRAMANMARAS) �lksel
2024-12-17 12:40:03,38.7802,36.2392,59.7,1.9,FAKIEKINCILIGI-PINARBASI (KAYSERI) �lksel
2024-12-17 12:24:06,37.1775,28.5238,6.3,2.7,YAYLASOGUT-ULA (MUGLA) �lksel
2024-12-17 12:14:20,38.3398,38.1192,0.0,1.5,KUYULU-YESILYURT (MALATYA) �lksel
2024-12-17 12:02:23,39.5487,30.5862,0.0,1.2,SARAYOREN-SEYITGAZI (ESKISEHIR) �lksel
2024-12-17 11:33:31,36.9362,36.663,20.3,1.7,KALAYCIK-ISLAHIYE (GAZIANTEP) �lksel
2024-12-17 10:58:54,37.8208,29.6117,7.3,1.9,BOZKURT (DENIZLI) �lksel
2024-12-17 10:04:33,38.7477,36.3485,0.0,1.3,KUCUKPOTUKLU-PINARBASI (KAYSERI) �lksel
2024-12-17 09:24:36,37.3697,36.917,4.9,1.4,COBANTEPE-TURKOGLU (KAHRAMANMARAS) �lksel
2024-12-17 09:16:39,36.5855,28.7233,16.2,2.1,DALAMAN ACIKLARI-MUGLA (AKDENIZ) �lksel
2024-12-17 08:55:38,38.0897,36.3842,24.2,1.1,SOGUKPINAR-GOKSUN (KAHRAMANMARAS) �lksel
2024-12-17 08:45:23,38.2858,28.5952,16.0,1.3,DELEMENLER-ALASEHIR (MANISA) �lksel
2024-12-17 08:10:52,35.941,31.19,28.7,2.5,AKDENIZ �lksel
2024-12-17 06:59:49,38.5453,28.2645,7.5,1.5,DURASILLI-SALIHLI (MANISA) �lksel
2024-12-17 06:13:31,39.8207,41.776,10.1,1.4,YILANLI-KOPRUKOY (ERZURUM) �lksel
2024-12-17 06:01:01,40.2347,31.739,10.2,2.0,KOZAGAC-BEYPAZARI (ANKARA) �lksel
2024-12-17 04:41:41,40.3897,43.0485,12.0,1.7,ESENYAZI-(KARS) �lksel
2024-12-17 04:41:16,38.116,37.802,12.2,1.4,FINDIKKOY-DOGANSEHIR (MALATYA) �lksel
2024-12-17 04:21:21,40.5132,30.5188,12.9,1.2,TUZLA-TARAKLI (SAKARYA) �lksel
2024-12-17 03:21:08,40.9313,33.514,2.2,2.1,SULEYMANHACILAR-ILGAZ (CANKIRI) �lksel
2024-12-17 03:16:14,38.318,38.2267,5.2,1.9,YAKINCA-YESILYURT (MALATYA) �lksel
2024-12-17 02:42:01,36.9582,36.594,22.5,1.3,AGABEY-ISLAHIYE (GAZIANTEP) �lksel
2024-12-17 02:25:48,37.7158,36.4518,5.3,1.7,ALTINYAYLA-ANDIRIN (KAHRAMANMARAS) �lksel
2024-12-17 02:23:01,36.8795,28.94,19.0,1.6,ELCIK-DALAMAN (MUGLA) �lksel
2024-12-17 01:33:44,36.4238,26.9487,130.2,3.7,AKDENIZ �lksel
2024-12-17 01:14:26,40.5675,27.4395,12.8,1.5,EKINLIK-MARMARA (BALIKESIR) �lksel
2024-12-17 01:04:55,39.785,37.6103,7.1,1.7,TOPCUYENIKOY-HAFIK (SIVAS) �lksel
2024-12-17 00:16:36,38.6313,39.6317,7.7,1.9,KONAKALMAZ-(ELAZIG) �lksel
2024-12-16 23:46:34,37.4928,37.2383,5.5,1.6,ARMUTLU-PAZARCIK (KAHRAMANMARAS) �lksel
2024-12-16 22:47:27,37.876,42.0282,5.4,1.8,KOCLU-(SIIRT) �lksel
2024-12-16 22:46:45,38.087,36.6472,5.4,2.8,GUCUKSU-GOKSUN (KAHRAMANMARAS) �lksel
2024-12-16 20:59:21,37.4392,36.958,3.9,1.9,OKSUZLU-(KAHRAMANMARAS) �lksel
2024-12-16 20:17:52,38.4377,38.0347,5.0,2.4,ESENLI-AKCADAG (MALATYA) �lksel
2024-12-16 18:59:48,37.2155,28.5272,5.0,1.5,OZLUCE-(MUGLA) �lksel
2024-12-16 18:29:25,37.0977,36.0122,8.9,1.8,DEGIRMENLI-CEYHAN (ADANA) �lksel
2024-12-16 18:10:15,38.4938,44.3143,5.0,3.4,KAPIKOY-SARAY (VAN) �lksel
2024-12-16 17:49:15,37.8017,37.7218,5.1,2.3,AKCAKAYA-GOLBASI (ADIYAMAN) �lksel
2024-12-16 16:21:59,40.6872,27.6587,11.3,2.1,SARAYLAR-MARMARA (BALIKESIR) �lksel
2024-12-16 15:07:03,38.1525,30.9708,5.9,2.2,AFSAR-GELENDOST (ISPARTA) �lksel
2024-12-16 15:06:13,37.661,35.8727,10.7,1.2,CULLUUSAGI-KOZAN (ADANA) �lksel
2024-12-16 14:40:16,39.0783,39.0405,5.0,2.1,TEKELI-CEMISGEZEK (TUNCELI) �lksel
2024-12-16 13:53:52,38.065,38.3383,6.9,1.4,YESILYAYLA-CELIKHAN (ADIYAMAN) �lksel
2024-12-16 13:43:02,39.1838,40.5328,7.4,1.7,ERBASLAR-ADAKLI (BINGOL) �lksel
2024-12-16 12:27:04,38.344,38.1943,19.6,1.3,DURULDU-(MALATYA) �lksel
2024-12-16 12:24:57,38.7807,39.1172,11.8,1.5,ALTINKUSAK-(ELAZIG) �lksel
2024-12-16 12:19:32,37.551,37.38,10.1,1.9,PAYAMLIBAG-PAZARCIK (KAHRAMANMARAS) �lksel
2024-12-16 12:15:36,36.9557,27.3992,6.6,1.8,GOKOVA KORFEZI (AKDENIZ) �lksel
2024-12-16 12:07:53,39.4752,28.1445,7.7,2.0,ISKELE-BIGADIC (BALIKESIR) �lksel
2024-12-16 11:54:04,38.873,26.8385,8.6,2.4,CANDARLI KORFEZI (EGE DENIZI) �lksel
2024-12-16 11:40:13,40.1458,31.7195,5.0,2.2,SEKLI-BEYPAZARI (ANKARA) �lksel
2024-12-16 11:36:32,37.2097,35.9793,22.2,1.5,IRMAKLI-CEYHAN (ADANA) �lksel
2024-12-16 11:34:32,39.1195,29.06,5.9,1.6,SOGUT-SIMAV (KUTAHYA) �lksel
2024-12-16 11:32:44,38.1668,30.9988,6.8,2.3,KOKE-GELENDOST (ISPARTA) �lksel
2024-12-16 11:06:05,39.1355,29.063,5.3,1.8,SOGUT-SIMAV (KUTAHYA) �lksel
2024-12-16 10:57:52,37.8235,36.0942,7.6,1.6,HIMMETLI-SAIMBEYLI (ADANA) �lksel
2024-12-16 10:55:11,37.8483,36.6038,5.0,2.7,CEVREPINAR-(KAHRAMANMARAS) �lksel
2024-12-16 10:10:57,38.1155,38.2002,1.8,1.7,CAMPINAR-CELIKHAN (ADIYAMAN) �lksel
2024-12-16 09:55:38,38.2028,38.1305,6.4,1.9,OLUKLU-YESILYURT (MALATYA) �lksel
2024-12-16 09:08:07,38.022,37.5692,10.4,1.4,TATLAR-NURHAK (KAHRAMANMARAS) �lksel
2024-12-16 08:50:07,39.0487,39.0503,17.7,1.7,ULUKALE-CEMISGEZEK (TUNCELI) �lksel
2024-12-16 08:08:24,37.368,37.094,3.1,2.9,ARSLANBEY-PAZARCIK (KAHRAMANMARAS) �lksel
2024-12-16 08:05:37,38.0577,37.3077,20.3,1.4,AGCASAR-NURHAK (KAHRAMANMARAS) �lksel
2024-12-16 08:04:50,40.4295,43.0187,3.3,2.3,CERME-(KARS) �lksel
2024-12-16 07:49:38,39.0628,39.0163,4.9,3.1,TORATLI-CEMISGEZEK (TUNCELI) �lksel
2024-12-16 07:37:42,40.2085,28.956,14.7,2.0,NILUFER (BURSA) �lksel
2024-12-16 06:48:17,39.975,41.3348,7.4,2.4,YAKUTIYE (ERZURUM) �lksel
2024-12-16 06:43:46,40.0,41.331,5.0,3.3,KUCUKTUY-PASINLER (ERZURUM) �lksel
2024-12-16 06:21:36,35.5597,27.136,8.6,2.0,AKDENIZ �lksel
2024-12-16 05:54:41,40.1992,28.9325,10.3,1.6,YAYLACIK-NILUFER (BURSA) �lksel
2024-12-16 05:25:18,38.8148,37.4258,5.0,1.1,KULAHLI-GURUN (SIVAS) �lksel
2024-12-16 04:49:09,39.2077,28.7112,18.4,1.5,AKPINAR-SIMAV (KUTAHYA) �lksel
2024-12-16 04:36:40,35.5867,27.1002,5.5,2.6,AKDENIZ �lksel
2024-12-16 04:17:46,38.2198,38.7082,5.4,1.5,KOKPINAR-PUTURGE (MALATYA) �lksel
2024-12-16 03:21:20,37.4667,37.0607,4.5,1.3,CINARLI-PAZARCIK (KAHRAMANMARAS) �lksel
2024-12-16 03:10:59,40.7538,27.4532,11.5,2.4,GUZELKOY ACIKLARI-TEKIRDAG (MARMARA DENIZI) �lksel
2024-12-16 01:50:14,38.0393,37.6983,8.6,2.2,BEGRE-DOGANSEHIR (MALATYA) �lksel
2024-12-16 01:31:38,37.8642,36.6413,8.7,1.7,DONGEL-(KAHRAMANMARAS) �lksel
2024-12-16 00:48:58,34.8458,35.9805,5.0,3.0,SURIYE �lksel
2024-12-16 00:17:39,38.0892,37.3878,8.1,1.7,AGCASAR-NURHAK (KAHRAMANMARAS) �lksel
2024-12-15 23:48:58,38.1047,37.5548,8.0,1.2,KARAHASANUSAGI-ELBISTAN (KAHRAMANMARAS) �lksel
2024-12-15 23:23:05,37.3178,29.7028,8.7,2.1,ECE-TEFENNI (BURDUR) �lksel
2024-12-15 23:14:40,40.3622,24.1348,6.7,2.2,YUNANISTAN �lksel
2024-12-15 22:56:51,38.0588,37.6817,5.0,2.4,BEGRE-DOGANSEHIR (MALATYA) �lksel
2024-12-15 22:01:11,38.1217,38.5715,7.5,1.7,ARIKONAK-SINCIK (ADIYAMAN) �lksel
2024-12-15 22:00:31,38.1175,38.502,2.4,2.1,GECITLI-SINCIK (ADIYAMAN) �lksel
2024-12-15 21:57:19,38.0588,38.5507,23.2,1.5,NARLI-SINCIK (ADIYAMAN) �lksel
2024-12-15 21:15:34,38.0165,37.5428,8.5,1.3,TATLAR-NURHAK (KAHRAMANMARAS) �lksel
2024-12-15 21:12:32,38.3845,38.8228,5.0,1.9,KARAAGAC-KALE (MALATYA) �lksel
2024-12-15 21:04:28,41.1275,28.8613,11.5,1.6,SULTANGAZI (ISTANBUL) �lksel
2024-12-15 20:30:56,38.8988,43.671,5.0,1.2,OVAPINAR-MURADIYE (VAN) �lksel
2024-12-15 18:48:40,40.828,31.322,8.3,2.2,DARIYERIYORUKLER-KAYNASLI (DUZCE) �lksel
2024-12-15 18:37:19,38.1723,36.7353,5.0,2.2,YAZIKOY-AFSIN (KAHRAMANMARAS) �lksel
2024-12-15 17:31:21,38.2652,38.6837,5.0,2.0,CAYKOY-PUTURGE (MALATYA) �lksel
2024-12-15 16:46:40,36.7387,25.6022,5.0,2.6,AKDENIZ �lksel
2024-12-15 16:42:33,39.0665,40.4468,5.0,1.9,SUDUGUNU-(BINGOL) �lksel
2024-12-15 16:35:13,40.2058,23.26,5.0,2.1,YUNANISTAN �lksel
2024-12-15 16:29:42,38.1322,36.6358,10.3,2.0,YENIYAPAN-GOKSUN (KAHRAMANMARAS) �lksel
2024-12-15 16:28:34,38.117,36.5912,7.2,2.4,KANLIKAVAK-GOKSUN (KAHRAMANMARAS) �lksel
2024-12-15 14:50:04,39.5425,40.5807,5.7,2.4,YAYLIM-TERCAN (ERZINCAN) �lksel
2024-12-15 12:40:28,37.0345,28.346,9.4,2.4,AKCAPINAR-ULA (MUGLA) �lksel
2024-12-15 11:24:32,37.7792,35.6417,14.5,2.1,AKKAYA-KOZAN (ADANA) �lksel
2024-12-15 10:41:11,38.1662,36.9282,5.0,1.6,NADIRKOY-AFSIN (KAHRAMANMARAS) �lksel
2024-12-15 10:26:45,39.0987,39.0503,22.8,1.2,TEKELI-CEMISGEZEK (TUNCELI) �lksel
2024-12-15 10:13:20,36.019,27.6208,8.6,2.4,AKDENIZ �lksel
2024-12-15 10:13:04,41.8445,42.0827,5.6,2.4,GURCISTAN �lksel
2024-12-15 09:09:45,38.8777,42.4242,8.2,2.1,OTLUYAZI-AHLAT (BITLIS) �lksel
2024-12-15 08:58:10,36.2808,35.8702,7.5,1.6,KALE-ARSUZ (HATAY) �lksel
2024-12-15 08:33:36,38.2538,37.3537,5.9,2.6,GUNDERE-ELBISTAN (KAHRAMANMARAS) �lksel
2024-12-15 08:05:53,39.7198,25.6293,9.1,2.3,EGE DENIZI �lksel
2024-12-15 07:32:51,38.0028,36.6177,5.0,2.9,ELMALI-GOKSUN (KAHRAMANMARAS) �lksel
2024-12-15 07:21:56,38.524,28.2893,6.8,2.0,DURASILLI-SALIHLI (MANISA) �lksel
2024-12-15 07:07:13,39.0492,40.4183,5.0,1.9,SUDUGUNU-(BINGOL) �lksel
2024-12-15 06:53:31,40.335,24.111,6.7,2.7,YUNANISTAN �lksel
2024-12-15 06:34:47,40.8198,31.0813,17.5,1.9,BAHCEKOY-(DUZCE) �lksel
2024-12-15 04:36:00,38.119,37.7822,5.0,2.5,FINDIKKOY-DOGANSEHIR (MALATYA) �lksel
2024-12-15 03:11:06,37.0983,28.2482,19.2,1.8,YENIBAGYAKA-(MUGLA) �lksel
2024-12-15 03:06:13,37.8613,36.6513,8.1,2.8,DONGEL-(KAHRAMANMARAS) �lksel
2024-12-15 02:56:47,37.9965,36.6013,6.7,2.0,KARAAHMET-GOKSUN (KAHRAMANMARAS) �lksel
2024-12-15 02:07:01,38.5243,28.2787,5.4,2.2,DURASILLI-SALIHLI (MANISA) �lksel
2024-12-15 01:45:39,38.6415,31.4832,8.0,2.0,UCKUYU-SULTANDAGI (AFYONKARAHISAR) �lksel
2024-12-15 00:55:42,38.1697,37.7905,5.0,2.4,CAVUSLU-DOGANSEHIR (MALATYA) �lksel
2024-12-15 00:43:17,38.2117,37.627,16.6,1.0,GUNALTI-ELBISTAN (KAHRAMANMARAS) �lksel
2024-12-15 00:38:18,37.2567,37.0822,8.1,1.1,EVRI-PAZARCIK (KAHRAMANMARAS) �lksel
2024-12-15 00:19:56,38.3053,38.779,5.0,1.5,BOLUKKAYA-PUTURGE (MALATYA) �lksel
2024-12-15 00:12:25,37.6085,35.8955,4.5,2.2,KARABUCAK-KOZAN (ADANA) �lksel
2024-12-15 00:09:20,37.6172,35.9145,5.0,2.3,MINNETLI-KOZAN (ADANA) �lksel
2024-12-14 23:39:12,35.446,27.3153,5.3,2.2,AKDENIZ �lksel
2024-12-14 22:40:14,36.9607,27.6407,7.8,3.3,GOKOVA KORFEZI (AKDENIZ) �lksel
2024-12-14 22:17:58,38.1147,37.0082,8.4,1.8,CALIS-ELBISTAN (KAHRAMANMARAS) �lksel
2024-12-14 21:48:26,36.0132,27.2425,5.8,1.9,AKDENIZ �lksel
2024-12-14 20:40:51,36.2973,35.8962,5.0,2.2,AVCILARSUYU-ARSUZ (HATAY) �lksel
2024-12-14 20:26:00,39.4732,33.474,3.3,2.7,HACIYUSUFLU-CELEBI (KIRIKKALE) �lksel
2024-12-14 20:11:00,38.3832,37.9298,7.6,1.5,DOGANLAR-AKCADAG (MALATYA) �lksel
2024-12-14 20:03:16,39.5442,28.7455,11.6,1.3,AKYAYLA-DURSUNBEY (BALIKESIR) �lksel
2024-12-14 19:25:16,40.3888,27.0287,17.1,1.3,BEKIRLI-BIGA (CANAKKALE) �lksel
2024-12-14 19:02:07,36.5658,28.3742,8.0,2.4,AKDENIZ �lksel
2024-12-14 18:58:49,35.1065,25.4502,11.0,3.1,GIRIT ADASI (AKDENIZ) �lksel
2024-12-14 18:56:14,35.4707,23.2372,5.0,2.6,GIRIT ADASI (AKDENIZ) �lksel
2024-12-14 18:55:08,38.0365,37.683,8.8,1.7,BEGRE-DOGANSEHIR (MALATYA) �lksel
2024-12-14 17:49:22,37.0797,28.0233,13.8,1.3,KALEM-MILAS (MUGLA) �lksel
2024-12-14 17:10:43,37.8378,36.1497,7.6,1.7,DEGIRMENCIUSAGI-SAIMBEYLI (ADANA) �lksel
2024-12-14 15:24:32,36.9533,27.577,3.8,2.1,GOKOVA KORFEZI (AKDENIZ) �lksel
2024-12-14 14:48:02,36.1478,33.5473,0.0,1.3,BUYUKECELI-GULNAR (MERSIN) �lksel
2024-12-14 14:34:16,40.5598,27.3698,18.5,1.8,MUREFTE ACIKLARI-TEKIRDAG (MARMARA DENIZI) �lksel
2024-12-14 13:12:19,38.0172,36.7123,13.2,1.7,YESILKOY-GOKSUN (KAHRAMANMARAS) �lksel
2024-12-14 13:05:17,38.0932,29.0547,13.6,2.1,CINDERE-GUNEY (DENIZLI) �lksel
2024-12-14 13:00:57,37.8533,36.179,16.9,1.7,KARAKUYU-SAIMBEYLI (ADANA) �lksel
2024-12-14 12:11:26,39.1357,27.5675,0.0,1.6,DEREKOY-SOMA (MANISA) �lksel
2024-12-14 11:14:26,38.683,31.4742,13.1,1.8,KARAPINAR-SULTANDAGI (AFYONKARAHISAR) �lksel
2024-12-14 10:49:42,38.0418,29.0458,9.8,2.5,BELENARDIC-AKKOY (DENIZLI) �lksel
2024-12-14 07:45:06,38.0865,37.7088,8.5,1.6,BEGRE-DOGANSEHIR (MALATYA) �lksel
2024-12-14 06:08:11,38.0293,36.4417,5.6,2.1,CAGLAYAN-GOKSUN (KAHRAMANMARAS) �lksel
2024-12-14 06:07:08,37.3595,38.4015,5.0,2.3,KABACIK-BOZOVA (SANLIURFA) �lksel
2024-12-14 04:59:35,38.933,27.1257,12.0,2.1,ORLEMIS-BERGAMA (IZMIR) �lksel
2024-12-14 04:54:04,39.0077,27.0648,16.0,1.6,YENIKENT-BERGAMA (IZMIR) �lksel
2024-12-14 04:42:27,38.9267,27.119,12.7,3.5,ORLEMIS-BERGAMA (IZMIR) �lksel
2024-12-14 03:51:22,38.4572,39.2103,5.9,2.0,DEDEYOLU-SIVRICE (ELAZIG) �lksel
2024-12-14 03:23:27,38.0667,37.605,5.0,1.6,GOVDELI-DOGANSEHIR (MALATYA) �lksel
2024-12-14 01:38:22,40.3323,24.1447,6.9,1.9,YUNANISTAN �lksel
2024-12-13 23:36:47,38.1398,26.9952,12.1,1.5,ORHANLI-SEFERIHISAR (IZMIR) �lksel
2024-12-13 23:29:17,37.8602,36.0987,5.0,2.0,YARDIBI-SAIMBEYLI (ADANA) �lksel
2024-12-13 23:28:40,37.8673,36.0633,3.1,2.0,HIMMETLI-SAIMBEYLI (ADANA) �lksel
2024-12-13 22:56:33,37.9383,27.5535,12.4,1.7,CAMKOY-GERMENCIK (AYDIN) �lksel
2024-12-13 21:54:47,38.3662,38.8547,8.1,1.9,AKUSAGI-KALE (MALATYA) �lksel
2024-12-13 21:45:02,38.0763,37.2663,11.0,1.3,GUMUSDOVEN-ELBISTAN (KAHRAMANMARAS) �lksel
